nome_masculino,nome_feminino,sobrenome
João,Maria,Silva
Pedro,Ana,Souza
Lucas,Mariana,Costa
Gabriel,Fernanda,Santos
Mateus,Juliana,Oliveira
Guilherme,Carla,Pereira
Felipe,Aline,Rodrigues
Rafael,Patrícia,Almeida
Bruno,Beatriz,Nascimento
Thiago,Camila,Lima
Gustavo,Bruna,Araújo
Enzo,Larissa,Fernandes
Daniel,Letícia,Carvalho
André,Gabriela,Gomes
Vitor,Vitória,Martins
Leonardo,Amanda,Rocha
Ricardo,Bianca,Ribeiro
Eduardo,Sara,Alves
Caio,Isabela,Monteiro
Diego,Luana,Mendes
Fernando,Helena,Barbosa
Rodrigo,Sophia,Freitas
Samuel,Cecília,Barros
Alexandre,Clara,Pinto
Igor,Lívia,Moura
Marcelo,Laura,Teixeira
Henrique,Yasmin,Correia
Paulo,Daniela,Moreira
Miguel,Renata,Ferreira
Antônio,Elaine,Cardoso
Roberto,Tatiane,Cavalcante
Sérgio,Simone,Dias
Márcio,Débora,Castro
Renato,Michele,Campos
Jorge,Tatiana,Reis
Fábio,Carol,Andrade
César,Rafaela,Vieira
Adriano,Lorena,Machado
Carlos,Eduarda,Batista
Jonathan,Stella,Lopes
Vinícius,Nicole,Borges
Otávio,Manuela,Moura
Hugo,Alice,Farias
Emerson,Rebeca,Melo
Mário,Natália,Azevedo
Davi,Paula,Bezerra
Elias,Júlia,Xavier
Allan,Melissa,Viana
Nathan,Caroline,Ramos
Murilo,Sabrina,Sales
,,Nunes
,,Marques
,,Macedo
,,Tavares
,,Antunes
,,Assis
,,Aguiar
,,Brito
,,Barbosa
,,Beltrão
,,Bittencourt
,,Braga
,,Brandão
,,Carmo
,,Coutinho
,,Coelho
,,Cruz
,,Dantas
,,Duarte
,,Domingues
,,Esteves
,,Fagundes
,,Félix
,,Figueiredo
,,Fonseca
,,Garcia
,,Guimarães
,,Guerreiro
,,Henrique
,,Leal
,,Lacerda
,,Lourenço
,,Lins
,,Lustosa
,,Madruga
,,Magalhães
,,Maia
,,Maldonado
,,Marinho
,,Medeiros
,,Mendes
,,Mendonça
,,Mesquita
,,Miranda
,,Moraes
,,Morais
,,Mota
,,Muller
,,Neves
,,Novaes
,,Nogueira
,,Passos
,,Peixoto
,,Pacheco
,,Pedrosa
,,Pimentel
,,Pires
,,Porto
,,Prado
,,Queiroz
,,Quintana
,,Ramalho
,,Rezende
,,Roldão
,,Rosa
,,Sá
,,Sampaio
,,Santana
,,Saraiva
,,Seixas
,,Serra
,,Serrano
,,Siqueira
,,Soares
,,Sobrinho
,,Teles
,,Torres
,,Toledo
,,Trindade
,,Vargas
,,Veloso
,,Vergara
,,Vasconcelos
,,Vasques
,,Valle
,,Valente
,,Vidigal
,,Vieira
,,Vilela
,,Zanetti
,,Zimmermann
,,Amaral
,,Anjos
,,Arruda
,,Bandeira
,,Bastos
,,Barroso
,,Bergamaschi
,,Bernardes
,,Bicalho
,,Bogéa
,,Bonfim
,,Borges
,,Bortolotto
,,Braz
,,Bueno
,,Cabral
,,Caetano
,,Camargo
,,Canedo
,,Capelo
,,Capistrano
,,Carneiro
,,Carnevale
,,Catanhede
,,Chagas
,,Cipriano
,,Colares
,,Conceição
,,Cordeiro
,,Delgado
,,Diniz
,,Drumond
,,Enriquez
,,Estevão
,,Falcão
,,Faria
,,Florêncio
,,Franco
,,França
,,Frota
,,Galvão
,,Gatti
,,Giraldi
,,Godoi
,,Goulart
,,Gouveia
,,Haddad
,,Inácio
,,Jordão
,,Junqueira
,,Kalil
,,Klein
,,Lago
,,Leite
,,Leão
,,Lobato
,,Malta
,,Manente
,,Marçal
,,Marcondes
,,Matias
,,Mattos
,,Melgaço
,,Mendonça
,,Milhomem
,,Monteiro
,,Montez
,,Montibeller
,,Nóbrega
,,Oliveira
,,Otoni
,,Pádua
,,Parente
,,Pastrana
,,Pedroso
,,Pessoa
,,Piazza
,,Pontes
,,Quevedo
,,Ramalhete
,,Rattmann
,,Ribeiro
,,Rios
,,Romanelli
,,Romão
,,Saddi
,,Salgado
,,Sandoval
,,Santiago
,,Sardenberg
,,Schmidt
,,Schneider
,,Silveira
,,Simões
,,Soledade
,,Teles
,,Terra
,,Tobias
,,Tolentino
,,Tomaz
,,Ulhoa
,,Valentim
,,Varela
,,Vasques
,,Vasconcellos
,,Veiga
,,Ventura
,,Vidal
,,Vieira
